-- =====================================================
-- COMPREHENSIVE SEED DATA FOR BUS TICKET BOOKING SYSTEM
-- Version: V100 (Local Development Only)
-- Date Reference: 2026-01-03 (current date)
-- All UUIDs use valid hex characters (0-9, a-f)
-- =====================================================

-- USERS (5 records: 2 admins + 3 passengers)
-- Password: password123 (BCrypt hash)
INSERT INTO users (id, email, phone, password_hash, full_name, role, auth_provider, enabled, created_at, updated_at)
VALUES
    ('a0000000-0000-0000-0000-000000000001', 'admin@busvn.com', '+84901234567', '$2a$12$uyW3A4C55tmuQ3GsiIhLa.eRZKau3s5A2axQV5Wkfb7IRFjnbYSS6', 'Admin Hệ Thống', 'ADMIN', 'LOCAL', true, NOW() - INTERVAL '90 days', NOW()),
    ('a0000000-0000-0000-0000-000000000002', 'manager@busvn.com', '+84902345678', '$2a$12$uyW3A4C55tmuQ3GsiIhLa.eRZKau3s5A2axQV5Wkfb7IRFjnbYSS6', 'Nguyễn Quản Lý', 'ADMIN', 'LOCAL', true, NOW() - INTERVAL '60 days', NOW()),
    ('b0000000-0000-0000-0000-000000000001', 'nguyenvana@gmail.com', '+84903456789', '$2a$12$uyW3A4C55tmuQ3GsiIhLa.eRZKau3s5A2axQV5Wkfb7IRFjnbYSS6', 'Nguyễn Văn An', 'PASSENGER', 'LOCAL', true, NOW() - INTERVAL '30 days', NOW()),
    ('b0000000-0000-0000-0000-000000000002', 'tranthib@gmail.com', '+84904567890', '$2a$12$uyW3A4C55tmuQ3GsiIhLa.eRZKau3s5A2axQV5Wkfb7IRFjnbYSS6', 'Trần Thị Bình', 'PASSENGER', 'LOCAL', true, NOW() - INTERVAL '20 days', NOW()),
    ('b0000000-0000-0000-0000-000000000003', 'levanc@gmail.com', '+84905678901', '$2a$12$uyW3A4C55tmuQ3GsiIhLa.eRZKau3s5A2axQV5Wkfb7IRFjnbYSS6', 'Lê Văn Cường', 'PASSENGER', 'LOCAL', true, NOW() - INTERVAL '10 days', NOW())
ON CONFLICT (id) DO NOTHING;

-- OPERATORS (3 records)
INSERT INTO operators (id, name, contact_info, is_active, created_at)
VALUES
    ('10000000-0000-0000-0000-000000000001', 'Phương Trang (FUTA)', '{"phone": "+84283920920", "email": "info@futabus.vn", "website": "futabus.vn"}', true, NOW() - INTERVAL '365 days'),
    ('10000000-0000-0000-0000-000000000002', 'Thành Bưởi', '{"phone": "+84283549549", "email": "info@thanhbuoi.vn", "website": "thanhbuoi.vn"}', true, NOW() - INTERVAL '365 days'),
    ('10000000-0000-0000-0000-000000000003', 'Hoàng Long', '{"phone": "+84243768768", "email": "info@hoanglong.vn", "website": "hoanglong.vn"}', true, NOW() - INTERVAL '365 days')
ON CONFLICT (id) DO NOTHING;

-- STATIONS (10 records across Vietnam)
INSERT INTO stations (id, name, city, address, created_at)
VALUES
    ('20000000-0000-0000-0000-000000000001', 'Bến xe Mỹ Đình', 'Hà Nội', '20 Phạm Hùng, Mỹ Đình, Nam Từ Liêm, Hà Nội', NOW() - INTERVAL '365 days'),
    ('20000000-0000-0000-0000-000000000002', 'Bến xe Giáp Bát', 'Hà Nội', 'Giải Phóng, Hoàng Mai, Hà Nội', NOW() - INTERVAL '365 days'),
    ('20000000-0000-0000-0000-000000000003', 'Bến xe Trung tâm Đà Nẵng', 'Đà Nẵng', '201 Tôn Đức Thắng, Hòa Minh, Liên Chiểu, Đà Nẵng', NOW() - INTERVAL '365 days'),
    ('20000000-0000-0000-0000-000000000004', 'Bến xe Miền Đông Mới', 'TP. Hồ Chí Minh', 'Xa lộ Hà Nội, Quận 9, TP. Hồ Chí Minh', NOW() - INTERVAL '365 days'),
    ('20000000-0000-0000-0000-000000000005', 'Bến xe Miền Tây', 'TP. Hồ Chí Minh', '395 Kinh Dương Vương, An Lạc, Bình Tân, TP. Hồ Chí Minh', NOW() - INTERVAL '365 days'),
    ('20000000-0000-0000-0000-000000000006', 'Bến xe Huế', 'Huế', '97 An Dương Vương, Phú Hội, TP. Huế', NOW() - INTERVAL '365 days'),
    ('20000000-0000-0000-0000-000000000007', 'Bến xe Nha Trang', 'Nha Trang', '58 đường 23/10, Vĩnh Hiệp, Nha Trang', NOW() - INTERVAL '365 days'),
    ('20000000-0000-0000-0000-000000000008', 'Bến xe Vũng Tàu', 'Vũng Tàu', '192 Nam Kỳ Khởi Nghĩa, Phường 3, Vũng Tàu', NOW() - INTERVAL '365 days'),
    ('20000000-0000-0000-0000-000000000009', 'Bến xe Cần Thơ', 'Cần Thơ', '91B Nguyễn Văn Linh, Hưng Lợi, Ninh Kiều, Cần Thơ', NOW() - INTERVAL '365 days'),
    ('20000000-0000-0000-0000-000000000010', 'Bến xe Đà Lạt', 'Đà Lạt', '1 Tô Hiến Thành, Phường 6, Đà Lạt', NOW() - INTERVAL '365 days')
ON CONFLICT (id) DO NOTHING;

-- BUS LAYOUTS (4 types)
INSERT INTO bus_layouts (id, name, bus_type, total_seats, total_floors, total_rows, total_cols, description, created_at)
VALUES
    ('30000000-0000-0000-0000-000000000001', 'Giường nằm 40 chỗ', 'SLEEPER', 40, 2, 10, 4, 'Xe giường nằm 2 tầng tiêu chuẩn', NOW() - INTERVAL '365 days'),
    ('30000000-0000-0000-0000-000000000002', 'Giường nằm VIP 34 chỗ', 'SLEEPER', 34, 2, 9, 4, 'Xe giường nằm VIP rộng rãi', NOW() - INTERVAL '365 days'),
    ('30000000-0000-0000-0000-000000000003', 'Limousine 22 chỗ', 'LIMOUSINE', 22, 1, 6, 4, 'Xe Limousine cao cấp', NOW() - INTERVAL '365 days'),
    ('30000000-0000-0000-0000-000000000004', 'Ghế ngồi 45 chỗ', 'NORMAL', 45, 1, 12, 4, 'Xe ghế ngồi thường', NOW() - INTERVAL '365 days')
ON CONFLICT (id) DO NOTHING;

-- LAYOUT SEATS for Giường nằm 40 chỗ (layout 1)
INSERT INTO layout_seats (id, layout_id, seat_code, seat_type, floor_number, row_index, col_index, is_active) VALUES
    ('31000000-0000-0000-0000-000000000001', '30000000-0000-0000-0000-000000000001', 'A01', 'VIP', 1, 1, 1, true),
    ('31000000-0000-0000-0000-000000000002', '30000000-0000-0000-0000-000000000001', 'A02', 'VIP', 1, 1, 2, true),
    ('31000000-0000-0000-0000-000000000003', '30000000-0000-0000-0000-000000000001', 'B01', 'NORMAL', 1, 2, 1, true),
    ('31000000-0000-0000-0000-000000000004', '30000000-0000-0000-0000-000000000001', 'B02', 'NORMAL', 1, 2, 2, true),
    ('31000000-0000-0000-0000-000000000005', '30000000-0000-0000-0000-000000000001', 'C01', 'NORMAL', 1, 3, 1, true),
    ('31000000-0000-0000-0000-000000000006', '30000000-0000-0000-0000-000000000001', 'C02', 'NORMAL', 1, 3, 2, true),
    ('31000000-0000-0000-0000-000000000007', '30000000-0000-0000-0000-000000000001', 'D01', 'NORMAL', 2, 1, 1, true),
    ('31000000-0000-0000-0000-000000000008', '30000000-0000-0000-0000-000000000001', 'D02', 'NORMAL', 2, 1, 2, true),
    ('31000000-0000-0000-0000-000000000009', '30000000-0000-0000-0000-000000000001', 'E01', 'VIP', 2, 2, 1, true),
    ('31000000-0000-0000-0000-000000000010', '30000000-0000-0000-0000-000000000001', 'E02', 'VIP', 2, 2, 2, true)
ON CONFLICT (id) DO NOTHING;

-- LAYOUT SEATS for Limousine 22 chỗ (layout 3)
INSERT INTO layout_seats (id, layout_id, seat_code, seat_type, floor_number, row_index, col_index, is_active) VALUES
    ('33000000-0000-0000-0000-000000000001', '30000000-0000-0000-0000-000000000003', 'L01', 'VIP', 1, 1, 1, true),
    ('33000000-0000-0000-0000-000000000002', '30000000-0000-0000-0000-000000000003', 'L02', 'VIP', 1, 1, 2, true),
    ('33000000-0000-0000-0000-000000000003', '30000000-0000-0000-0000-000000000003', 'M01', 'VIP', 1, 2, 1, true),
    ('33000000-0000-0000-0000-000000000004', '30000000-0000-0000-0000-000000000003', 'M02', 'VIP', 1, 2, 2, true),
    ('33000000-0000-0000-0000-000000000005', '30000000-0000-0000-0000-000000000003', 'N01', 'VIP', 1, 3, 1, true),
    ('33000000-0000-0000-0000-000000000006', '30000000-0000-0000-0000-000000000003', 'N02', 'VIP', 1, 3, 2, true),
    ('33000000-0000-0000-0000-000000000007', '30000000-0000-0000-0000-000000000003', 'O01', 'VIP', 1, 4, 1, true),
    ('33000000-0000-0000-0000-000000000008', '30000000-0000-0000-0000-000000000003', 'O02', 'VIP', 1, 4, 2, true),
    ('33000000-0000-0000-0000-000000000009', '30000000-0000-0000-0000-000000000003', 'P01', 'VIP', 1, 5, 1, true),
    ('33000000-0000-0000-0000-000000000010', '30000000-0000-0000-0000-000000000003', 'P02', 'VIP', 1, 5, 2, true)
ON CONFLICT (id) DO NOTHING;

-- BUSES (6 buses)
INSERT INTO buses (id, operator_id, bus_layout_id, plate_number, amenities, is_active, created_at) VALUES
    ('40000000-0000-0000-0000-000000000001', '10000000-0000-0000-0000-000000000001', '30000000-0000-0000-0000-000000000001', '51B-12345', '{"wifi": true, "usb": true, "blanket": true}', true, NOW() - INTERVAL '300 days'),
    ('40000000-0000-0000-0000-000000000002', '10000000-0000-0000-0000-000000000001', '30000000-0000-0000-0000-000000000003', '51B-67890', '{"wifi": true, "usb": true, "tv": true}', true, NOW() - INTERVAL '250 days'),
    ('40000000-0000-0000-0000-000000000003', '10000000-0000-0000-0000-000000000002', '30000000-0000-0000-0000-000000000001', '29A-11111', '{"wifi": true, "blanket": true}', true, NOW() - INTERVAL '200 days'),
    ('40000000-0000-0000-0000-000000000004', '10000000-0000-0000-0000-000000000002', '30000000-0000-0000-0000-000000000003', '29A-22222', '{"wifi": true, "usb": true}', true, NOW() - INTERVAL '180 days'),
    ('40000000-0000-0000-0000-000000000005', '10000000-0000-0000-0000-000000000003', '30000000-0000-0000-0000-000000000001', '43C-33333', '{"wifi": true, "blanket": true}', true, NOW() - INTERVAL '150 days'),
    ('40000000-0000-0000-0000-000000000006', '10000000-0000-0000-0000-000000000003', '30000000-0000-0000-0000-000000000003', '43C-44444', '{"wifi": true, "massage_seat": true}', true, NOW() - INTERVAL '120 days')
ON CONFLICT (id) DO NOTHING;

-- ROUTES (6 routes)
INSERT INTO routes (id, name, origin_station_id, destination_station_id, duration_minutes, distance_km, is_active, created_at) VALUES
    ('50000000-0000-0000-0000-000000000001', 'Hà Nội - Đà Nẵng', '20000000-0000-0000-0000-000000000001', '20000000-0000-0000-0000-000000000003', 900, 765.00, true, NOW() - INTERVAL '365 days'),
    ('50000000-0000-0000-0000-000000000002', 'Hà Nội - TP.HCM', '20000000-0000-0000-0000-000000000002', '20000000-0000-0000-0000-000000000004', 1800, 1700.00, true, NOW() - INTERVAL '365 days'),
    ('50000000-0000-0000-0000-000000000003', 'TP.HCM - Đà Nẵng', '20000000-0000-0000-0000-000000000004', '20000000-0000-0000-0000-000000000003', 1020, 950.00, true, NOW() - INTERVAL '365 days'),
    ('50000000-0000-0000-0000-000000000004', 'TP.HCM - Nha Trang', '20000000-0000-0000-0000-000000000004', '20000000-0000-0000-0000-000000000007', 480, 440.00, true, NOW() - INTERVAL '365 days'),
    ('50000000-0000-0000-0000-000000000005', 'TP.HCM - Vũng Tàu', '20000000-0000-0000-0000-000000000004', '20000000-0000-0000-0000-000000000008', 180, 125.00, true, NOW() - INTERVAL '365 days'),
    ('50000000-0000-0000-0000-000000000006', 'TP.HCM - Đà Lạt', '20000000-0000-0000-0000-000000000004', '20000000-0000-0000-0000-000000000010', 420, 310.00, true, NOW() - INTERVAL '365 days')
ON CONFLICT (id) DO NOTHING;

-- ROUTE STOPS
INSERT INTO route_stops (id, route_id, station_id, stop_order, duration_minutes_from_origin, stop_type, default_surcharge) VALUES
    ('51000000-0000-0000-0000-000000000001', '50000000-0000-0000-0000-000000000001', '20000000-0000-0000-0000-000000000001', 1, 0, 'PICKUP', 0),
    ('51000000-0000-0000-0000-000000000002', '50000000-0000-0000-0000-000000000001', '20000000-0000-0000-0000-000000000006', 2, 540, 'BOTH', 50000),
    ('51000000-0000-0000-0000-000000000003', '50000000-0000-0000-0000-000000000001', '20000000-0000-0000-0000-000000000003', 3, 900, 'DROPOFF', 0),
    ('51000000-0000-0000-0000-000000000004', '50000000-0000-0000-0000-000000000004', '20000000-0000-0000-0000-000000000004', 1, 0, 'PICKUP', 0),
    ('51000000-0000-0000-0000-000000000005', '50000000-0000-0000-0000-000000000004', '20000000-0000-0000-0000-000000000007', 2, 480, 'DROPOFF', 0),
    ('51000000-0000-0000-0000-000000000006', '50000000-0000-0000-0000-000000000005', '20000000-0000-0000-0000-000000000004', 1, 0, 'PICKUP', 0),
    ('51000000-0000-0000-0000-000000000007', '50000000-0000-0000-0000-000000000005', '20000000-0000-0000-0000-000000000008', 2, 180, 'DROPOFF', 0),
    ('51000000-0000-0000-0000-000000000008', '50000000-0000-0000-0000-000000000006', '20000000-0000-0000-0000-000000000004', 1, 0, 'PICKUP', 0),
    ('51000000-0000-0000-0000-000000000009', '50000000-0000-0000-0000-000000000006', '20000000-0000-0000-0000-000000000010', 2, 420, 'DROPOFF', 0)
ON CONFLICT (id) DO NOTHING;

-- TRIP SCHEDULES (Recurring schedules - scheduler will auto-generate trips)
INSERT INTO trip_schedules (id, route_id, bus_id, departure_time, frequency, start_date, end_date, is_active, recurrence_type, weekly_days, pricing_config, created_at) VALUES
    -- Daily schedule: HN-DN, 08:00, bus 1
    ('55000000-0000-0000-0000-000000000001', '50000000-0000-0000-0000-000000000001', '40000000-0000-0000-0000-000000000001', '08:00:00', 'DAILY', CURRENT_DATE, CURRENT_DATE + INTERVAL '30 days', true, 'DAILY', NULL, '[{"seatType": "NORMAL", "price": 380000}, {"seatType": "VIP", "price": 580000}]', NOW() - INTERVAL '7 days'),
    -- Daily schedule: HCM-Nha Trang, 06:00, bus 2
    ('55000000-0000-0000-0000-000000000002', '50000000-0000-0000-0000-000000000004', '40000000-0000-0000-0000-000000000002', '06:00:00', 'DAILY', CURRENT_DATE, CURRENT_DATE + INTERVAL '30 days', true, 'DAILY', NULL, '[{"seatType": "VIP", "price": 420000}]', NOW() - INTERVAL '7 days'),
    -- Weekly schedule (Mon,Wed,Fri): HCM-Vũng Tàu, 07:00, bus 5
    ('55000000-0000-0000-0000-000000000003', '50000000-0000-0000-0000-000000000005', '40000000-0000-0000-0000-000000000005', '07:00:00', 'MON,WED,FRI', CURRENT_DATE, CURRENT_DATE + INTERVAL '60 days', true, 'WEEKLY', 'MON,WED,FRI', '[{"seatType": "NORMAL", "price": 160000}]', NOW() - INTERVAL '7 days'),
    -- Weekend schedule: HCM-Đà Lạt, 19:00, bus 6
    ('55000000-0000-0000-0000-000000000004', '50000000-0000-0000-0000-000000000006', '40000000-0000-0000-0000-000000000006', '19:00:00', 'SAT,SUN', CURRENT_DATE, CURRENT_DATE + INTERVAL '60 days', true, 'WEEKLY', 'SAT,SUN', '[{"seatType": "VIP", "price": 380000}]', NOW() - INTERVAL '7 days')
ON CONFLICT (id) DO NOTHING;

-- TRIPS (Past, Current, Future)
INSERT INTO trips (id, route_id, bus_id, departure_time, arrival_time, status, created_at) VALUES
    ('60000000-0000-0000-0000-000000000001', '50000000-0000-0000-0000-000000000001', '40000000-0000-0000-0000-000000000001', NOW() - INTERVAL '7 days' + TIME '08:00', NOW() - INTERVAL '7 days' + TIME '23:00', 'COMPLETED', NOW() - INTERVAL '10 days'),
    ('60000000-0000-0000-0000-000000000002', '50000000-0000-0000-0000-000000000004', '40000000-0000-0000-0000-000000000002', NOW() - INTERVAL '5 days' + TIME '06:00', NOW() - INTERVAL '5 days' + TIME '14:00', 'COMPLETED', NOW() - INTERVAL '8 days'),
    ('60000000-0000-0000-0000-000000000003', '50000000-0000-0000-0000-000000000005', '40000000-0000-0000-0000-000000000003', NOW() - INTERVAL '3 days' + TIME '09:00', NOW() - INTERVAL '3 days' + TIME '12:00', 'COMPLETED', NOW() - INTERVAL '6 days'),
    ('60000000-0000-0000-0000-000000000004', '50000000-0000-0000-0000-000000000006', '40000000-0000-0000-0000-000000000004', NOW() - INTERVAL '2 days' + TIME '07:00', NOW() - INTERVAL '2 days' + TIME '14:00', 'CANCELLED', NOW() - INTERVAL '5 days'),
    ('60000000-0000-0000-0000-000000000005', '50000000-0000-0000-0000-000000000001', '40000000-0000-0000-0000-000000000001', NOW() + INTERVAL '2 hours', NOW() + INTERVAL '17 hours', 'SCHEDULED', NOW() - INTERVAL '3 days'),
    ('60000000-0000-0000-0000-000000000006', '50000000-0000-0000-0000-000000000004', '40000000-0000-0000-0000-000000000002', NOW() + INTERVAL '4 hours', NOW() + INTERVAL '12 hours', 'SCHEDULED', NOW() - INTERVAL '2 days'),
    ('60000000-0000-0000-0000-000000000007', '50000000-0000-0000-0000-000000000001', '40000000-0000-0000-0000-000000000003', NOW() + INTERVAL '1 day' + TIME '08:00', NOW() + INTERVAL '1 day' + TIME '23:00', 'SCHEDULED', NOW() - INTERVAL '1 day'),
    ('60000000-0000-0000-0000-000000000008', '50000000-0000-0000-0000-000000000003', '40000000-0000-0000-0000-000000000004', NOW() + INTERVAL '2 days' + TIME '19:00', NOW() + INTERVAL '3 days' + TIME '12:00', 'SCHEDULED', NOW()),
    ('60000000-0000-0000-0000-000000000009', '50000000-0000-0000-0000-000000000005', '40000000-0000-0000-0000-000000000005', NOW() + INTERVAL '3 days' + TIME '06:00', NOW() + INTERVAL '3 days' + TIME '09:00', 'SCHEDULED', NOW()),
    ('60000000-0000-0000-0000-000000000010', '50000000-0000-0000-0000-000000000006', '40000000-0000-0000-0000-000000000006', NOW() + INTERVAL '5 days' + TIME '07:00', NOW() + INTERVAL '5 days' + TIME '14:00', 'SCHEDULED', NOW()),
    ('60000000-0000-0000-0000-000000000011', '50000000-0000-0000-0000-000000000002', '40000000-0000-0000-0000-000000000001', NOW() + INTERVAL '7 days' + TIME '18:00', NOW() + INTERVAL '8 days' + TIME '14:00', 'SCHEDULED', NOW()),
    ('60000000-0000-0000-0000-000000000012', '50000000-0000-0000-0000-000000000004', '40000000-0000-0000-0000-000000000002', NOW() + INTERVAL '10 days' + TIME '05:00', NOW() + INTERVAL '10 days' + TIME '13:00', 'SCHEDULED', NOW())
ON CONFLICT (id) DO NOTHING;

-- TRIP PRICING
INSERT INTO trip_pricing (id, trip_id, seat_type, price) VALUES
    ('61000000-0000-0000-0000-000000000001', '60000000-0000-0000-0000-000000000001', 'NORMAL', 350000),
    ('61000000-0000-0000-0000-000000000002', '60000000-0000-0000-0000-000000000001', 'VIP', 550000),
    ('61000000-0000-0000-0000-000000000003', '60000000-0000-0000-0000-000000000002', 'VIP', 400000),
    ('61000000-0000-0000-0000-000000000004', '60000000-0000-0000-0000-000000000003', 'NORMAL', 150000),
    ('61000000-0000-0000-0000-000000000005', '60000000-0000-0000-0000-000000000005', 'NORMAL', 380000),
    ('61000000-0000-0000-0000-000000000006', '60000000-0000-0000-0000-000000000005', 'VIP', 580000),
    ('61000000-0000-0000-0000-000000000007', '60000000-0000-0000-0000-000000000006', 'VIP', 420000),
    ('61000000-0000-0000-0000-000000000008', '60000000-0000-0000-0000-000000000007', 'NORMAL', 360000),
    ('61000000-0000-0000-0000-000000000009', '60000000-0000-0000-0000-000000000007', 'VIP', 560000),
    ('61000000-0000-0000-0000-000000000010', '60000000-0000-0000-0000-000000000008', 'VIP', 650000),
    ('61000000-0000-0000-0000-000000000011', '60000000-0000-0000-0000-000000000009', 'NORMAL', 160000),
    ('61000000-0000-0000-0000-000000000012', '60000000-0000-0000-0000-000000000010', 'VIP', 380000),
    ('61000000-0000-0000-0000-000000000013', '60000000-0000-0000-0000-000000000011', 'NORMAL', 750000),
    ('61000000-0000-0000-0000-000000000014', '60000000-0000-0000-0000-000000000011', 'VIP', 950000),
    ('61000000-0000-0000-0000-000000000015', '60000000-0000-0000-0000-000000000012', 'VIP', 430000)
ON CONFLICT (id) DO NOTHING;

-- TRIP STOPS
INSERT INTO trip_stops (id, trip_id, station_id, stop_order, duration_minutes_from_origin, stop_type) VALUES
    ('62000000-0000-0000-0000-000000000001', '60000000-0000-0000-0000-000000000001', '20000000-0000-0000-0000-000000000001', 1, 0, 'PICKUP'),
    ('62000000-0000-0000-0000-000000000002', '60000000-0000-0000-0000-000000000001', '20000000-0000-0000-0000-000000000006', 2, 540, 'BOTH'),
    ('62000000-0000-0000-0000-000000000003', '60000000-0000-0000-0000-000000000001', '20000000-0000-0000-0000-000000000003', 3, 900, 'DROPOFF'),
    ('62000000-0000-0000-0000-000000000004', '60000000-0000-0000-0000-000000000005', '20000000-0000-0000-0000-000000000001', 1, 0, 'PICKUP'),
    ('62000000-0000-0000-0000-000000000005', '60000000-0000-0000-0000-000000000005', '20000000-0000-0000-0000-000000000006', 2, 540, 'BOTH'),
    ('62000000-0000-0000-0000-000000000006', '60000000-0000-0000-0000-000000000005', '20000000-0000-0000-0000-000000000003', 3, 900, 'DROPOFF'),
    ('62000000-0000-0000-0000-000000000007', '60000000-0000-0000-0000-000000000007', '20000000-0000-0000-0000-000000000001', 1, 0, 'PICKUP'),
    ('62000000-0000-0000-0000-000000000008', '60000000-0000-0000-0000-000000000007', '20000000-0000-0000-0000-000000000006', 2, 540, 'BOTH'),
    ('62000000-0000-0000-0000-000000000009', '60000000-0000-0000-0000-000000000007', '20000000-0000-0000-0000-000000000003', 3, 900, 'DROPOFF')
ON CONFLICT (id) DO NOTHING;

-- BOOKINGS (Various statuses)
INSERT INTO bookings (id, code, trip_id, user_id, total_price, status, passenger_name, passenger_phone, passenger_email, pickup_station_id, dropoff_station_id, pickup_trip_stop_id, dropoff_trip_stop_id, is_reminder_sent, created_at, updated_at) VALUES
    ('70000000-0000-0000-0000-000000000001', 'BK000001', '60000000-0000-0000-0000-000000000001', 'b0000000-0000-0000-0000-000000000001', 900000, 'CONFIRMED', 'Nguyễn Văn An', '+84903456789', 'nguyenvana@gmail.com', '20000000-0000-0000-0000-000000000001', '20000000-0000-0000-0000-000000000003', '62000000-0000-0000-0000-000000000001', '62000000-0000-0000-0000-000000000003', true, NOW() - INTERVAL '8 days', NOW() - INTERVAL '8 days'),
    ('70000000-0000-0000-0000-000000000002', 'BK000002', '60000000-0000-0000-0000-000000000002', 'b0000000-0000-0000-0000-000000000002', 400000, 'CONFIRMED', 'Trần Thị Bình', '+84904567890', 'tranthib@gmail.com', '20000000-0000-0000-0000-000000000004', '20000000-0000-0000-0000-000000000007', NULL, NULL, true, NOW() - INTERVAL '6 days', NOW() - INTERVAL '6 days'),
    ('70000000-0000-0000-0000-000000000003', 'BK000003', '60000000-0000-0000-0000-000000000003', 'b0000000-0000-0000-0000-000000000003', 300000, 'CONFIRMED', 'Lê Văn Cường', '+84905678901', 'levanc@gmail.com', '20000000-0000-0000-0000-000000000004', '20000000-0000-0000-0000-000000000008', NULL, NULL, true, NOW() - INTERVAL '4 days', NOW() - INTERVAL '4 days'),
    ('70000000-0000-0000-0000-000000000004', 'BK000004', '60000000-0000-0000-0000-000000000004', 'b0000000-0000-0000-0000-000000000001', 380000, 'CANCELLED', 'Nguyễn Văn An', '+84903456789', 'nguyenvana@gmail.com', '20000000-0000-0000-0000-000000000004', '20000000-0000-0000-0000-000000000010', NULL, NULL, false, NOW() - INTERVAL '4 days', NOW() - INTERVAL '3 days'),
    ('70000000-0000-0000-0000-000000000005', 'BK000005', '60000000-0000-0000-0000-000000000004', 'b0000000-0000-0000-0000-000000000002', 380000, 'REFUNDED', 'Trần Thị Bình', '+84904567890', 'tranthib@gmail.com', '20000000-0000-0000-0000-000000000004', '20000000-0000-0000-0000-000000000010', NULL, NULL, false, NOW() - INTERVAL '4 days', NOW() - INTERVAL '2 days'),
    ('70000000-0000-0000-0000-000000000006', 'BK000006', '60000000-0000-0000-0000-000000000005', 'b0000000-0000-0000-0000-000000000001', 580000, 'PENDING', 'Nguyễn Văn An', '+84903456789', 'nguyenvana@gmail.com', '20000000-0000-0000-0000-000000000001', '20000000-0000-0000-0000-000000000003', '62000000-0000-0000-0000-000000000004', '62000000-0000-0000-0000-000000000006', false, NOW() - INTERVAL '5 minutes', NOW() - INTERVAL '5 minutes'),
    ('70000000-0000-0000-0000-000000000007', 'BK000007', '60000000-0000-0000-0000-000000000007', 'b0000000-0000-0000-0000-000000000002', 1120000, 'CONFIRMED', 'Trần Thị Bình', '+84904567890', 'tranthib@gmail.com', '20000000-0000-0000-0000-000000000001', '20000000-0000-0000-0000-000000000003', '62000000-0000-0000-0000-000000000007', '62000000-0000-0000-0000-000000000009', false, NOW() - INTERVAL '12 hours', NOW() - INTERVAL '12 hours'),
    ('70000000-0000-0000-0000-000000000008', 'BK000008', '60000000-0000-0000-0000-000000000009', 'b0000000-0000-0000-0000-000000000003', 320000, 'CONFIRMED', 'Lê Văn Cường', '+84905678901', 'levanc@gmail.com', '20000000-0000-0000-0000-000000000004', '20000000-0000-0000-0000-000000000008', NULL, NULL, false, NOW() - INTERVAL '6 hours', NOW() - INTERVAL '6 hours'),
    ('70000000-0000-0000-0000-000000000009', 'BK000009', '60000000-0000-0000-0000-000000000010', NULL, 380000, 'CONFIRMED', 'Phạm Thị Dung', '+84906789012', 'phamthidung@yahoo.com', '20000000-0000-0000-0000-000000000004', '20000000-0000-0000-0000-000000000010', NULL, NULL, false, NOW() - INTERVAL '3 hours', NOW() - INTERVAL '3 hours'),
    ('70000000-0000-0000-0000-000000000010', 'BK000010', '60000000-0000-0000-0000-000000000011', NULL, 1700000, 'PENDING', 'Hoàng Minh Tuấn', '+84907890123', 'hoangtuan@gmail.com', '20000000-0000-0000-0000-000000000002', '20000000-0000-0000-0000-000000000004', NULL, NULL, false, NOW() - INTERVAL '5 minutes', NOW() - INTERVAL '5 minutes')
ON CONFLICT (id) DO NOTHING;

-- TICKETS
INSERT INTO tickets (id, booking_id, seat_code, price, passenger_name, passenger_phone, passenger_id_number, is_boarded) VALUES
    ('71000000-0000-0000-0000-000000000001', '70000000-0000-0000-0000-000000000001', 'A01', 550000, 'Nguyễn Văn An', '+84903456789', '001234567890', true),
    ('71000000-0000-0000-0000-000000000002', '70000000-0000-0000-0000-000000000001', 'B01', 350000, 'Nguyễn Thị Mai', '+84909876543', '001234567891', true),
    ('71000000-0000-0000-0000-000000000003', '70000000-0000-0000-0000-000000000002', 'L01', 400000, 'Trần Thị Bình', '+84904567890', '002345678901', true),
    ('71000000-0000-0000-0000-000000000004', '70000000-0000-0000-0000-000000000003', 'B01', 150000, 'Lê Văn Cường', '+84905678901', '003456789012', true),
    ('71000000-0000-0000-0000-000000000005', '70000000-0000-0000-0000-000000000003', 'B02', 150000, 'Lê Thị Hồng', '+84905678902', '003456789013', true),
    ('71000000-0000-0000-0000-000000000006', '70000000-0000-0000-0000-000000000004', 'M01', 380000, 'Nguyễn Văn An', '+84903456789', '001234567890', false),
    ('71000000-0000-0000-0000-000000000007', '70000000-0000-0000-0000-000000000005', 'M02', 380000, 'Trần Thị Bình', '+84904567890', '002345678901', false),
    ('71000000-0000-0000-0000-000000000008', '70000000-0000-0000-0000-000000000006', 'A01', 580000, 'Nguyễn Văn An', '+84903456789', '001234567890', false),
    ('71000000-0000-0000-0000-000000000009', '70000000-0000-0000-0000-000000000007', 'A01', 560000, 'Trần Thị Bình', '+84904567890', '002345678901', false),
    ('71000000-0000-0000-0000-000000000010', '70000000-0000-0000-0000-000000000007', 'A02', 560000, 'Trần Văn Hùng', '+84904567899', '002345678902', false),
    ('71000000-0000-0000-0000-000000000011', '70000000-0000-0000-0000-000000000008', 'B01', 160000, 'Lê Văn Cường', '+84905678901', '003456789012', false),
    ('71000000-0000-0000-0000-000000000012', '70000000-0000-0000-0000-000000000008', 'B02', 160000, 'Lê Văn Dũng', '+84905678903', '003456789014', false),
    ('71000000-0000-0000-0000-000000000013', '70000000-0000-0000-0000-000000000009', 'L01', 380000, 'Phạm Thị Dung', '+84906789012', '004567890123', false),
    ('71000000-0000-0000-0000-000000000014', '70000000-0000-0000-0000-000000000010', 'A01', 950000, 'Hoàng Minh Tuấn', '+84907890123', '005678901234', false),
    ('71000000-0000-0000-0000-000000000015', '70000000-0000-0000-0000-000000000010', 'B01', 750000, 'Hoàng Thị Lan', '+84907890124', '005678901235', false)
ON CONFLICT (id) DO NOTHING;

-- PAYMENT TRANSACTIONS (PayOS only)
INSERT INTO payment_transactions (id, booking_id, order_code, amount, status, transaction_id, payment_link_id, checkout_url, created_at, updated_at) VALUES
    ('80000000-0000-0000-0000-000000000001', '70000000-0000-0000-0000-000000000001', 1000001, 900000, 'PAID', 'TXN-001', 'PL-001', 'https://pay.payos.vn/web/1', NOW() - INTERVAL '8 days', NOW() - INTERVAL '8 days'),
    ('80000000-0000-0000-0000-000000000002', '70000000-0000-0000-0000-000000000002', 1000002, 400000, 'PAID', 'TXN-002', 'PL-002', 'https://pay.payos.vn/web/2', NOW() - INTERVAL '6 days', NOW() - INTERVAL '6 days'),
    ('80000000-0000-0000-0000-000000000003', '70000000-0000-0000-0000-000000000007', 1000003, 1120000, 'PAID', 'TXN-003', 'PL-003', 'https://pay.payos.vn/web/3', NOW() - INTERVAL '12 hours', NOW() - INTERVAL '12 hours'),
    ('80000000-0000-0000-0000-000000000004', '70000000-0000-0000-0000-000000000006', 1000004, 580000, 'PENDING', NULL, 'PL-004', 'https://pay.payos.vn/web/4', NOW() - INTERVAL '5 minutes', NOW() - INTERVAL '5 minutes'),
    ('80000000-0000-0000-0000-000000000005', '70000000-0000-0000-0000-000000000010', 1000005, 1700000, 'PENDING', NULL, 'PL-005', 'https://pay.payos.vn/web/5', NOW() - INTERVAL '5 minutes', NOW() - INTERVAL '5 minutes')
ON CONFLICT (id) DO NOTHING;

-- FEEDBACKS (for completed trips)
INSERT INTO feedbacks (id, booking_id, rating, comment, created_at, updated_at) VALUES
    ('90000000-0000-0000-0000-000000000001', '70000000-0000-0000-0000-000000000001', 5, 'Nhà xe rất tốt, tài xế lái cẩn thận, xe sạch sẽ và đúng giờ. Sẽ đi lại lần sau!', NOW() - INTERVAL '6 days', NOW() - INTERVAL '6 days'),
    ('90000000-0000-0000-0000-000000000002', '70000000-0000-0000-0000-000000000002', 4, 'Xe đẹp, có wifi miễn phí. Chỉ hơi trễ 15 phút so với lịch.', NOW() - INTERVAL '4 days', NOW() - INTERVAL '4 days'),
    ('90000000-0000-0000-0000-000000000003', '70000000-0000-0000-0000-000000000003', 3, 'Xe bình thường, không có gì đặc biệt. Giá hợp lý cho tuyến ngắn.', NOW() - INTERVAL '2 days', NOW() - INTERVAL '2 days')
ON CONFLICT (id) DO NOTHING;

-- NOTIFICATIONS
INSERT INTO notifications (id, user_id, title, message, type, is_read, sent_at) VALUES
    ('91000000-0000-0000-0000-000000000001', 'b0000000-0000-0000-0000-000000000001', 'Đặt vé thành công!', 'Bạn đã đặt vé thành công cho chuyến Hà Nội - Đà Nẵng. Mã đặt vé: BK000001', 'BOOKING_SUCCESS', true, NOW() - INTERVAL '8 days'),
    ('91000000-0000-0000-0000-000000000002', 'b0000000-0000-0000-0000-000000000002', 'Đặt vé thành công!', 'Bạn đã đặt vé thành công cho chuyến TP.HCM - Nha Trang. Mã đặt vé: BK000002', 'BOOKING_SUCCESS', true, NOW() - INTERVAL '6 days'),
    ('91000000-0000-0000-0000-000000000003', 'b0000000-0000-0000-0000-000000000003', 'Đặt vé thành công!', 'Bạn đã đặt vé thành công cho chuyến TP.HCM - Vũng Tàu. Mã đặt vé: BK000003', 'BOOKING_SUCCESS', true, NOW() - INTERVAL '4 days'),
    ('91000000-0000-0000-0000-000000000004', 'b0000000-0000-0000-0000-000000000001', 'Thông báo hủy chuyến', 'Chuyến TP.HCM - Đà Lạt ngày hôm nay đã bị hủy do thời tiết xấu. Vui lòng liên hệ để được hoàn tiền.', 'TRIP_UPDATE', true, NOW() - INTERVAL '2 days'),
    ('91000000-0000-0000-0000-000000000005', 'b0000000-0000-0000-0000-000000000001', 'Khuyến mãi đặc biệt!', 'Giảm 20% cho tất cả các chuyến đi trong tuần này. Đặt ngay!', 'PROMOTION', false, NOW() - INTERVAL '1 day'),
    ('91000000-0000-0000-0000-000000000006', 'b0000000-0000-0000-0000-000000000002', 'Đặt vé thành công!', 'Bạn đã đặt vé thành công cho chuyến Hà Nội - Đà Nẵng. Mã đặt vé: BK000007', 'BOOKING_SUCCESS', true, NOW() - INTERVAL '12 hours'),
    ('91000000-0000-0000-0000-000000000007', 'b0000000-0000-0000-0000-000000000003', 'Đặt vé thành công!', 'Bạn đã đặt vé thành công cho chuyến TP.HCM - Vũng Tàu. Mã đặt vé: BK000008', 'BOOKING_SUCCESS', false, NOW() - INTERVAL '6 hours'),
    ('91000000-0000-0000-0000-000000000008', 'b0000000-0000-0000-0000-000000000001', 'Nhắc nhở chuyến đi', 'Chuyến đi Hà Nội - Đà Nẵng của bạn sẽ khởi hành trong 2 giờ nữa. Vui lòng có mặt tại bến xe đúng giờ.', 'TRIP_UPDATE', false, NOW() - INTERVAL '2 hours')
ON CONFLICT (id) DO NOTHING;

-- =====================================================
-- ADDITIONAL TRIPS FOR JAN 5-8 WITH NEAR-FULL BOOKINGS
-- =====================================================

-- ADDITIONAL TRIPS (Jan 5-8, 2026)
INSERT INTO trips (id, route_id, bus_id, departure_time, arrival_time, status, created_at) VALUES
    -- Jan 5: 2 trips
    ('60000000-0000-0000-0000-000000000020', '50000000-0000-0000-0000-000000000001', '40000000-0000-0000-0000-000000000001', '2026-01-05 08:00:00', '2026-01-05 23:00:00', 'SCHEDULED', NOW() - INTERVAL '5 days'),
    ('60000000-0000-0000-0000-000000000021', '50000000-0000-0000-0000-000000000004', '40000000-0000-0000-0000-000000000002', '2026-01-05 14:00:00', '2026-01-05 22:00:00', 'SCHEDULED', NOW() - INTERVAL '5 days'),
    -- Jan 6: 2 trips
    ('60000000-0000-0000-0000-000000000022', '50000000-0000-0000-0000-000000000005', '40000000-0000-0000-0000-000000000003', '2026-01-06 07:00:00', '2026-01-06 10:00:00', 'SCHEDULED', NOW() - INTERVAL '4 days'),
    ('60000000-0000-0000-0000-000000000023', '50000000-0000-0000-0000-000000000006', '40000000-0000-0000-0000-000000000004', '2026-01-06 19:00:00', '2026-01-07 02:00:00', 'SCHEDULED', NOW() - INTERVAL '4 days'),
    -- Jan 7: 2 trips  
    ('60000000-0000-0000-0000-000000000024', '50000000-0000-0000-0000-000000000001', '40000000-0000-0000-0000-000000000005', '2026-01-07 06:00:00', '2026-01-07 21:00:00', 'SCHEDULED', NOW() - INTERVAL '3 days'),
    ('60000000-0000-0000-0000-000000000025', '50000000-0000-0000-0000-000000000003', '40000000-0000-0000-0000-000000000006', '2026-01-07 20:00:00', '2026-01-08 13:00:00', 'SCHEDULED', NOW() - INTERVAL '3 days'),
    -- Jan 8: 2 trips
    ('60000000-0000-0000-0000-000000000026', '50000000-0000-0000-0000-000000000004', '40000000-0000-0000-0000-000000000001', '2026-01-08 05:00:00', '2026-01-08 13:00:00', 'SCHEDULED', NOW() - INTERVAL '2 days'),
    ('60000000-0000-0000-0000-000000000027', '50000000-0000-0000-0000-000000000002', '40000000-0000-0000-0000-000000000003', '2026-01-08 18:00:00', '2026-01-09 14:00:00', 'SCHEDULED', NOW() - INTERVAL '2 days')
ON CONFLICT (id) DO NOTHING;

-- TRIP PRICING for additional trips
INSERT INTO trip_pricing (id, trip_id, seat_type, price) VALUES
    ('61000000-0000-0000-0000-000000000020', '60000000-0000-0000-0000-000000000020', 'NORMAL', 380000),
    ('61000000-0000-0000-0000-000000000021', '60000000-0000-0000-0000-000000000020', 'VIP', 580000),
    ('61000000-0000-0000-0000-000000000022', '60000000-0000-0000-0000-000000000021', 'VIP', 420000),
    ('61000000-0000-0000-0000-000000000023', '60000000-0000-0000-0000-000000000022', 'NORMAL', 160000),
    ('61000000-0000-0000-0000-000000000024', '60000000-0000-0000-0000-000000000023', 'VIP', 380000),
    ('61000000-0000-0000-0000-000000000025', '60000000-0000-0000-0000-000000000024', 'NORMAL', 400000),
    ('61000000-0000-0000-0000-000000000026', '60000000-0000-0000-0000-000000000024', 'VIP', 600000),
    ('61000000-0000-0000-0000-000000000027', '60000000-0000-0000-0000-000000000025', 'VIP', 650000),
    ('61000000-0000-0000-0000-000000000028', '60000000-0000-0000-0000-000000000026', 'NORMAL', 350000),
    ('61000000-0000-0000-0000-000000000029', '60000000-0000-0000-0000-000000000026', 'VIP', 520000),
    ('61000000-0000-0000-0000-000000000030', '60000000-0000-0000-0000-000000000027', 'NORMAL', 750000),
    ('61000000-0000-0000-0000-000000000031', '60000000-0000-0000-0000-000000000027', 'VIP', 950000)
ON CONFLICT (id) DO NOTHING;

-- BOOKINGS for Jan 5-8 trips (8 seats booked per trip = near full)
INSERT INTO bookings (id, code, trip_id, user_id, total_price, status, passenger_name, passenger_phone, passenger_email, pickup_station_id, dropoff_station_id, is_reminder_sent, created_at, updated_at) VALUES
    -- Trip 20 (Jan 5 HN-DN): 4 bookings, 8 tickets
    ('70000000-0000-0000-0000-000000000020', 'BK000020', '60000000-0000-0000-0000-000000000020', 'b0000000-0000-0000-0000-000000000001', 1160000, 'CONFIRMED', 'Nguyễn Văn An', '+84903456789', 'nguyenvana@gmail.com', '20000000-0000-0000-0000-000000000001', '20000000-0000-0000-0000-000000000003', false, NOW() - INTERVAL '3 days', NOW() - INTERVAL '3 days'),
    ('70000000-0000-0000-0000-000000000021', 'BK000021', '60000000-0000-0000-0000-000000000020', 'b0000000-0000-0000-0000-000000000002', 760000, 'CONFIRMED', 'Trần Thị Bình', '+84904567890', 'tranthib@gmail.com', '20000000-0000-0000-0000-000000000001', '20000000-0000-0000-0000-000000000003', false, NOW() - INTERVAL '2 days', NOW() - INTERVAL '2 days'),
    ('70000000-0000-0000-0000-000000000022', 'BK000022', '60000000-0000-0000-0000-000000000020', NULL, 1160000, 'CONFIRMED', 'Phạm Văn Đức', '+84908765432', 'phamvanduc@gmail.com', '20000000-0000-0000-0000-000000000001', '20000000-0000-0000-0000-000000000003', false, NOW() - INTERVAL '1 day', NOW() - INTERVAL '1 day'),
    ('70000000-0000-0000-0000-000000000023', 'BK000023', '60000000-0000-0000-0000-000000000020', NULL, 760000, 'CONFIRMED', 'Hoàng Thị Mai', '+84909123456', 'hoangmai@yahoo.com', '20000000-0000-0000-0000-000000000001', '20000000-0000-0000-0000-000000000003', false, NOW() - INTERVAL '12 hours', NOW() - INTERVAL '12 hours'),
    -- Trip 21 (Jan 5 HCM-NT): 4 bookings, 8 tickets  
    ('70000000-0000-0000-0000-000000000024', 'BK000024', '60000000-0000-0000-0000-000000000021', 'b0000000-0000-0000-0000-000000000003', 840000, 'CONFIRMED', 'Lê Văn Cường', '+84905678901', 'levanc@gmail.com', '20000000-0000-0000-0000-000000000004', '20000000-0000-0000-0000-000000000007', false, NOW() - INTERVAL '4 days', NOW() - INTERVAL '4 days'),
    ('70000000-0000-0000-0000-000000000025', 'BK000025', '60000000-0000-0000-0000-000000000021', NULL, 840000, 'CONFIRMED', 'Võ Thị Hương', '+84906543210', 'vothihuong@gmail.com', '20000000-0000-0000-0000-000000000004', '20000000-0000-0000-0000-000000000007', false, NOW() - INTERVAL '3 days', NOW() - INTERVAL '3 days'),
    ('70000000-0000-0000-0000-000000000026', 'BK000026', '60000000-0000-0000-0000-000000000021', NULL, 840000, 'CONFIRMED', 'Đỗ Minh Quang', '+84907654321', 'dominhquang@gmail.com', '20000000-0000-0000-0000-000000000004', '20000000-0000-0000-0000-000000000007', false, NOW() - INTERVAL '2 days', NOW() - INTERVAL '2 days'),
    ('70000000-0000-0000-0000-000000000027', 'BK000027', '60000000-0000-0000-0000-000000000021', NULL, 840000, 'CONFIRMED', 'Bùi Thanh Tùng', '+84908432109', 'buithanhtung@gmail.com', '20000000-0000-0000-0000-000000000004', '20000000-0000-0000-0000-000000000007', false, NOW() - INTERVAL '1 day', NOW() - INTERVAL '1 day'),
    -- Trip 22 (Jan 6 HCM-VT): 4 bookings, 8 tickets
    ('70000000-0000-0000-0000-000000000028', 'BK000028', '60000000-0000-0000-0000-000000000022', 'b0000000-0000-0000-0000-000000000001', 320000, 'CONFIRMED', 'Nguyễn Văn An', '+84903456789', 'nguyenvana@gmail.com', '20000000-0000-0000-0000-000000000004', '20000000-0000-0000-0000-000000000008', false, NOW() - INTERVAL '3 days', NOW() - INTERVAL '3 days'),
    ('70000000-0000-0000-0000-000000000029', 'BK000029', '60000000-0000-0000-0000-000000000022', 'b0000000-0000-0000-0000-000000000002', 320000, 'CONFIRMED', 'Trần Thị Bình', '+84904567890', 'tranthib@gmail.com', '20000000-0000-0000-0000-000000000004', '20000000-0000-0000-0000-000000000008', false, NOW() - INTERVAL '2 days', NOW() - INTERVAL '2 days'),
    ('70000000-0000-0000-0000-000000000030', 'BK000030', '60000000-0000-0000-0000-000000000022', NULL, 320000, 'CONFIRMED', 'Cao Văn Long', '+84909876543', 'caovanlong@gmail.com', '20000000-0000-0000-0000-000000000004', '20000000-0000-0000-0000-000000000008', false, NOW() - INTERVAL '1 day', NOW() - INTERVAL '1 day'),
    ('70000000-0000-0000-0000-000000000031', 'BK000031', '60000000-0000-0000-0000-000000000022', NULL, 320000, 'CONFIRMED', 'Đinh Thị Ngọc', '+84901234567', 'dinhthingoc@gmail.com', '20000000-0000-0000-0000-000000000004', '20000000-0000-0000-0000-000000000008', false, NOW() - INTERVAL '6 hours', NOW() - INTERVAL '6 hours'),
    -- Trip 23 (Jan 6 HCM-DL): 4 bookings, 8 tickets
    ('70000000-0000-0000-0000-000000000032', 'BK000032', '60000000-0000-0000-0000-000000000023', 'b0000000-0000-0000-0000-000000000003', 760000, 'CONFIRMED', 'Lê Văn Cường', '+84905678901', 'levanc@gmail.com', '20000000-0000-0000-0000-000000000004', '20000000-0000-0000-0000-000000000010', false, NOW() - INTERVAL '4 days', NOW() - INTERVAL '4 days'),
    ('70000000-0000-0000-0000-000000000033', 'BK000033', '60000000-0000-0000-0000-000000000023', NULL, 760000, 'CONFIRMED', 'Trương Văn Hải', '+84902345678', 'truongvanhai@gmail.com', '20000000-0000-0000-0000-000000000004', '20000000-0000-0000-0000-000000000010', false, NOW() - INTERVAL '3 days', NOW() - INTERVAL '3 days'),
    ('70000000-0000-0000-0000-000000000034', 'BK000034', '60000000-0000-0000-0000-000000000023', NULL, 760000, 'CONFIRMED', 'Ngô Thị Linh', '+84903456780', 'ngothilinh@gmail.com', '20000000-0000-0000-0000-000000000004', '20000000-0000-0000-0000-000000000010', false, NOW() - INTERVAL '2 days', NOW() - INTERVAL '2 days'),
    ('70000000-0000-0000-0000-000000000035', 'BK000035', '60000000-0000-0000-0000-000000000023', NULL, 760000, 'CONFIRMED', 'Lý Minh Đạt', '+84904567891', 'lyminhdat@gmail.com', '20000000-0000-0000-0000-000000000004', '20000000-0000-0000-0000-000000000010', false, NOW() - INTERVAL '1 day', NOW() - INTERVAL '1 day'),
    -- Trip 24 (Jan 7 HN-DN): 4 bookings, 8 tickets
    ('70000000-0000-0000-0000-000000000036', 'BK000036', '60000000-0000-0000-0000-000000000024', 'b0000000-0000-0000-0000-000000000001', 1200000, 'CONFIRMED', 'Nguyễn Văn An', '+84903456789', 'nguyenvana@gmail.com', '20000000-0000-0000-0000-000000000001', '20000000-0000-0000-0000-000000000003', false, NOW() - INTERVAL '2 days', NOW() - INTERVAL '2 days'),
    ('70000000-0000-0000-0000-000000000037', 'BK000037', '60000000-0000-0000-0000-000000000024', 'b0000000-0000-0000-0000-000000000002', 800000, 'CONFIRMED', 'Trần Thị Bình', '+84904567890', 'tranthib@gmail.com', '20000000-0000-0000-0000-000000000001', '20000000-0000-0000-0000-000000000003', false, NOW() - INTERVAL '2 days', NOW() - INTERVAL '2 days'),
    ('70000000-0000-0000-0000-000000000038', 'BK000038', '60000000-0000-0000-0000-000000000024', NULL, 1200000, 'CONFIRMED', 'Vũ Đức Anh', '+84905678902', 'vuducanh@gmail.com', '20000000-0000-0000-0000-000000000001', '20000000-0000-0000-0000-000000000003', false, NOW() - INTERVAL '1 day', NOW() - INTERVAL '1 day'),
    ('70000000-0000-0000-0000-000000000039', 'BK000039', '60000000-0000-0000-0000-000000000024', NULL, 800000, 'CONFIRMED', 'Đặng Thị Thu', '+84906789013', 'dangthithu@gmail.com', '20000000-0000-0000-0000-000000000001', '20000000-0000-0000-0000-000000000003', false, NOW() - INTERVAL '6 hours', NOW() - INTERVAL '6 hours'),
    -- Trip 25 (Jan 7 HCM-DN): 4 bookings, 8 tickets  
    ('70000000-0000-0000-0000-000000000040', 'BK000040', '60000000-0000-0000-0000-000000000025', 'b0000000-0000-0000-0000-000000000003', 1300000, 'CONFIRMED', 'Lê Văn Cường', '+84905678901', 'levanc@gmail.com', '20000000-0000-0000-0000-000000000004', '20000000-0000-0000-0000-000000000003', false, NOW() - INTERVAL '3 days', NOW() - INTERVAL '3 days'),
    ('70000000-0000-0000-0000-000000000041', 'BK000041', '60000000-0000-0000-0000-000000000025', NULL, 1300000, 'CONFIRMED', 'Phan Văn Hoàng', '+84907890124', 'phanvanhoang@gmail.com', '20000000-0000-0000-0000-000000000004', '20000000-0000-0000-0000-000000000003', false, NOW() - INTERVAL '2 days', NOW() - INTERVAL '2 days'),
    ('70000000-0000-0000-0000-000000000042', 'BK000042', '60000000-0000-0000-0000-000000000025', NULL, 1300000, 'CONFIRMED', 'Tạ Thị Hạnh', '+84908901235', 'tathihanh@gmail.com', '20000000-0000-0000-0000-000000000004', '20000000-0000-0000-0000-000000000003', false, NOW() - INTERVAL '1 day', NOW() - INTERVAL '1 day'),
    ('70000000-0000-0000-0000-000000000043', 'BK000043', '60000000-0000-0000-0000-000000000025', NULL, 1300000, 'CONFIRMED', 'Hồ Minh Khoa', '+84909012346', 'hominhkhoa@gmail.com', '20000000-0000-0000-0000-000000000004', '20000000-0000-0000-0000-000000000003', false, NOW() - INTERVAL '3 hours', NOW() - INTERVAL '3 hours'),
    -- Trip 26 (Jan 8 HCM-NT): 4 bookings, 8 tickets
    ('70000000-0000-0000-0000-000000000044', 'BK000044', '60000000-0000-0000-0000-000000000026', 'b0000000-0000-0000-0000-000000000001', 1040000, 'CONFIRMED', 'Nguyễn Văn An', '+84903456789', 'nguyenvana@gmail.com', '20000000-0000-0000-0000-000000000004', '20000000-0000-0000-0000-000000000007', false, NOW() - INTERVAL '2 days', NOW() - INTERVAL '2 days'),
    ('70000000-0000-0000-0000-000000000045', 'BK000045', '60000000-0000-0000-0000-000000000026', 'b0000000-0000-0000-0000-000000000002', 700000, 'CONFIRMED', 'Trần Thị Bình', '+84904567890', 'tranthib@gmail.com', '20000000-0000-0000-0000-000000000004', '20000000-0000-0000-0000-000000000007', false, NOW() - INTERVAL '1 day', NOW() - INTERVAL '1 day'),
    ('70000000-0000-0000-0000-000000000046', 'BK000046', '60000000-0000-0000-0000-000000000026', NULL, 1040000, 'CONFIRMED', 'Mai Văn Phúc', '+84910123457', 'maivanphuc@gmail.com', '20000000-0000-0000-0000-000000000004', '20000000-0000-0000-0000-000000000007', false, NOW() - INTERVAL '12 hours', NOW() - INTERVAL '12 hours'),
    ('70000000-0000-0000-0000-000000000047', 'BK000047', '60000000-0000-0000-0000-000000000026', NULL, 700000, 'CONFIRMED', 'Nguyễn Thị Oanh', '+84911234568', 'nguyenthioanh@gmail.com', '20000000-0000-0000-0000-000000000004', '20000000-0000-0000-0000-000000000007', false, NOW() - INTERVAL '6 hours', NOW() - INTERVAL '6 hours'),
    -- Trip 27 (Jan 8 HN-HCM): 4 bookings, 8 tickets
    ('70000000-0000-0000-0000-000000000048', 'BK000048', '60000000-0000-0000-0000-000000000027', 'b0000000-0000-0000-0000-000000000003', 1900000, 'CONFIRMED', 'Lê Văn Cường', '+84905678901', 'levanc@gmail.com', '20000000-0000-0000-0000-000000000002', '20000000-0000-0000-0000-000000000004', false, NOW() - INTERVAL '3 days', NOW() - INTERVAL '3 days'),
    ('70000000-0000-0000-0000-000000000049', 'BK000049', '60000000-0000-0000-0000-000000000027', NULL, 1500000, 'CONFIRMED', 'Đoàn Văn Thắng', '+84912345679', 'doanvanthang@gmail.com', '20000000-0000-0000-0000-000000000002', '20000000-0000-0000-0000-000000000004', false, NOW() - INTERVAL '2 days', NOW() - INTERVAL '2 days'),
    ('70000000-0000-0000-0000-000000000050', 'BK000050', '60000000-0000-0000-0000-000000000027', NULL, 1900000, 'CONFIRMED', 'Trịnh Thị Hằng', '+84913456780', 'trinhthihang@gmail.com', '20000000-0000-0000-0000-000000000002', '20000000-0000-0000-0000-000000000004', false, NOW() - INTERVAL '1 day', NOW() - INTERVAL '1 day'),
    ('70000000-0000-0000-0000-000000000051', 'BK000051', '60000000-0000-0000-0000-000000000027', NULL, 1500000, 'CONFIRMED', 'Lương Đức Nam', '+84914567891', 'luongducnam@gmail.com', '20000000-0000-0000-0000-000000000002', '20000000-0000-0000-0000-000000000004', false, NOW() - INTERVAL '3 hours', NOW() - INTERVAL '3 hours')
ON CONFLICT (id) DO NOTHING;

-- TICKETS for Jan 5-8 bookings (8 tickets per trip = 8/10 seats filled)
INSERT INTO tickets (id, booking_id, seat_code, price, passenger_name, passenger_phone, passenger_id_number, is_boarded) VALUES
    -- Trip 20 tickets (8 seats: A01, A02, B01, B02, C01, C02, D01, D02)
    ('71000000-0000-0000-0000-000000000020', '70000000-0000-0000-0000-000000000020', 'A01', 580000, 'Nguyễn Văn An', '+84903456789', '012345678901', false),
    ('71000000-0000-0000-0000-000000000021', '70000000-0000-0000-0000-000000000020', 'A02', 580000, 'Nguyễn Thị Hoa', '+84903456790', '012345678902', false),
    ('71000000-0000-0000-0000-000000000022', '70000000-0000-0000-0000-000000000021', 'B01', 380000, 'Trần Thị Bình', '+84904567890', '023456789012', false),
    ('71000000-0000-0000-0000-000000000023', '70000000-0000-0000-0000-000000000021', 'B02', 380000, 'Trần Văn Tùng', '+84904567891', '023456789013', false),
    ('71000000-0000-0000-0000-000000000024', '70000000-0000-0000-0000-000000000022', 'C01', 580000, 'Phạm Văn Đức', '+84908765432', '034567890123', false),
    ('71000000-0000-0000-0000-000000000025', '70000000-0000-0000-0000-000000000022', 'C02', 580000, 'Phạm Thị Lan', '+84908765433', '034567890124', false),
    ('71000000-0000-0000-0000-000000000026', '70000000-0000-0000-0000-000000000023', 'D01', 380000, 'Hoàng Thị Mai', '+84909123456', '045678901234', false),
    ('71000000-0000-0000-0000-000000000027', '70000000-0000-0000-0000-000000000023', 'D02', 380000, 'Hoàng Văn Sơn', '+84909123457', '045678901235', false),
    -- Trip 21 tickets (8 seats: L01-L02, M01-M02, N01-N02, O01-O02)
    ('71000000-0000-0000-0000-000000000028', '70000000-0000-0000-0000-000000000024', 'L01', 420000, 'Lê Văn Cường', '+84905678901', '056789012345', false),
    ('71000000-0000-0000-0000-000000000029', '70000000-0000-0000-0000-000000000024', 'L02', 420000, 'Lê Thị Hồng', '+84905678902', '056789012346', false),
    ('71000000-0000-0000-0000-000000000030', '70000000-0000-0000-0000-000000000025', 'M01', 420000, 'Võ Thị Hương', '+84906543210', '067890123456', false),
    ('71000000-0000-0000-0000-000000000031', '70000000-0000-0000-0000-000000000025', 'M02', 420000, 'Võ Văn Trung', '+84906543211', '067890123457', false),
    ('71000000-0000-0000-0000-000000000032', '70000000-0000-0000-0000-000000000026', 'N01', 420000, 'Đỗ Minh Quang', '+84907654321', '078901234567', false),
    ('71000000-0000-0000-0000-000000000033', '70000000-0000-0000-0000-000000000026', 'N02', 420000, 'Đỗ Thị Anh', '+84907654322', '078901234568', false),
    ('71000000-0000-0000-0000-000000000034', '70000000-0000-0000-0000-000000000027', 'O01', 420000, 'Bùi Thanh Tùng', '+84908432109', '089012345678', false),
    ('71000000-0000-0000-0000-000000000035', '70000000-0000-0000-0000-000000000027', 'O02', 420000, 'Bùi Thị Thu', '+84908432110', '089012345679', false),
    -- Trip 22 tickets (8 seats)
    ('71000000-0000-0000-0000-000000000036', '70000000-0000-0000-0000-000000000028', 'A01', 160000, 'Nguyễn Văn An', '+84903456789', '012345678901', false),
    ('71000000-0000-0000-0000-000000000037', '70000000-0000-0000-0000-000000000028', 'A02', 160000, 'Nguyễn Thị Hiền', '+84903456792', '012345678903', false),
    ('71000000-0000-0000-0000-000000000038', '70000000-0000-0000-0000-000000000029', 'B01', 160000, 'Trần Thị Bình', '+84904567890', '023456789012', false),
    ('71000000-0000-0000-0000-000000000039', '70000000-0000-0000-0000-000000000029', 'B02', 160000, 'Trần Văn Hải', '+84904567893', '023456789014', false),
    ('71000000-0000-0000-0000-000000000040', '70000000-0000-0000-0000-000000000030', 'C01', 160000, 'Cao Văn Long', '+84909876543', '090123456789', false),
    ('71000000-0000-0000-0000-000000000041', '70000000-0000-0000-0000-000000000030', 'C02', 160000, 'Cao Thị Phương', '+84909876544', '090123456790', false),
    ('71000000-0000-0000-0000-000000000042', '70000000-0000-0000-0000-000000000031', 'D01', 160000, 'Đinh Thị Ngọc', '+84901234567', '101234567890', false),
    ('71000000-0000-0000-0000-000000000043', '70000000-0000-0000-0000-000000000031', 'D02', 160000, 'Đinh Văn Mạnh', '+84901234568', '101234567891', false),
    -- Trip 23 tickets (8 seats)
    ('71000000-0000-0000-0000-000000000044', '70000000-0000-0000-0000-000000000032', 'L01', 380000, 'Lê Văn Cường', '+84905678901', '056789012345', false),
    ('71000000-0000-0000-0000-000000000045', '70000000-0000-0000-0000-000000000032', 'L02', 380000, 'Lê Thị Nga', '+84905678903', '056789012347', false),
    ('71000000-0000-0000-0000-000000000046', '70000000-0000-0000-0000-000000000033', 'M01', 380000, 'Trương Văn Hải', '+84902345678', '112345678901', false),
    ('71000000-0000-0000-0000-000000000047', '70000000-0000-0000-0000-000000000033', 'M02', 380000, 'Trương Thị Kim', '+84902345679', '112345678902', false),
    ('71000000-0000-0000-0000-000000000048', '70000000-0000-0000-0000-000000000034', 'N01', 380000, 'Ngô Thị Linh', '+84903456780', '123456789012', false),
    ('71000000-0000-0000-0000-000000000049', '70000000-0000-0000-0000-000000000034', 'N02', 380000, 'Ngô Văn Phong', '+84903456781', '123456789013', false),
    ('71000000-0000-0000-0000-000000000050', '70000000-0000-0000-0000-000000000035', 'O01', 380000, 'Lý Minh Đạt', '+84904567891', '134567890123', false),
    ('71000000-0000-0000-0000-000000000051', '70000000-0000-0000-0000-000000000035', 'O02', 380000, 'Lý Thị Thanh', '+84904567892', '134567890124', false),
    -- Trip 24 tickets (8 seats)
    ('71000000-0000-0000-0000-000000000052', '70000000-0000-0000-0000-000000000036', 'A01', 600000, 'Nguyễn Văn An', '+84903456789', '012345678901', false),
    ('71000000-0000-0000-0000-000000000053', '70000000-0000-0000-0000-000000000036', 'A02', 600000, 'Nguyễn Đức Minh', '+84903456793', '012345678904', false),
    ('71000000-0000-0000-0000-000000000054', '70000000-0000-0000-0000-000000000037', 'B01', 400000, 'Trần Thị Bình', '+84904567890', '023456789012', false),
    ('71000000-0000-0000-0000-000000000055', '70000000-0000-0000-0000-000000000037', 'B02', 400000, 'Trần Văn Khánh', '+84904567894', '023456789015', false),
    ('71000000-0000-0000-0000-000000000056', '70000000-0000-0000-0000-000000000038', 'C01', 600000, 'Vũ Đức Anh', '+84905678902', '145678901234', false),
    ('71000000-0000-0000-0000-000000000057', '70000000-0000-0000-0000-000000000038', 'C02', 600000, 'Vũ Thị Quỳnh', '+84905678904', '145678901235', false),
    ('71000000-0000-0000-0000-000000000058', '70000000-0000-0000-0000-000000000039', 'D01', 400000, 'Đặng Thị Thu', '+84906789013', '156789012345', false),
    ('71000000-0000-0000-0000-000000000059', '70000000-0000-0000-0000-000000000039', 'D02', 400000, 'Đặng Văn Vinh', '+84906789014', '156789012346', false),
    -- Trip 25 tickets (8 seats)
    ('71000000-0000-0000-0000-000000000060', '70000000-0000-0000-0000-000000000040', 'L01', 650000, 'Lê Văn Cường', '+84905678901', '056789012345', false),
    ('71000000-0000-0000-0000-000000000061', '70000000-0000-0000-0000-000000000040', 'L02', 650000, 'Lê Thị Yến', '+84905678905', '056789012348', false),
    ('71000000-0000-0000-0000-000000000062', '70000000-0000-0000-0000-000000000041', 'M01', 650000, 'Phan Văn Hoàng', '+84907890124', '167890123456', false),
    ('71000000-0000-0000-0000-000000000063', '70000000-0000-0000-0000-000000000041', 'M02', 650000, 'Phan Thị Diệu', '+84907890125', '167890123457', false),
    ('71000000-0000-0000-0000-000000000064', '70000000-0000-0000-0000-000000000042', 'N01', 650000, 'Tạ Thị Hạnh', '+84908901235', '178901234567', false),
    ('71000000-0000-0000-0000-000000000065', '70000000-0000-0000-0000-000000000042', 'N02', 650000, 'Tạ Văn Bình', '+84908901236', '178901234568', false),
    ('71000000-0000-0000-0000-000000000066', '70000000-0000-0000-0000-000000000043', 'O01', 650000, 'Hồ Minh Khoa', '+84909012346', '189012345678', false),
    ('71000000-0000-0000-0000-000000000067', '70000000-0000-0000-0000-000000000043', 'O02', 650000, 'Hồ Thị Loan', '+84909012347', '189012345679', false),
    -- Trip 26 tickets (8 seats)
    ('71000000-0000-0000-0000-000000000068', '70000000-0000-0000-0000-000000000044', 'A01', 520000, 'Nguyễn Văn An', '+84903456789', '012345678901', false),
    ('71000000-0000-0000-0000-000000000069', '70000000-0000-0000-0000-000000000044', 'A02', 520000, 'Nguyễn Phương Nam', '+84903456794', '012345678905', false),
    ('71000000-0000-0000-0000-000000000070', '70000000-0000-0000-0000-000000000045', 'B01', 350000, 'Trần Thị Bình', '+84904567890', '023456789012', false),
    ('71000000-0000-0000-0000-000000000071', '70000000-0000-0000-0000-000000000045', 'B02', 350000, 'Trần Văn Nghĩa', '+84904567895', '023456789016', false),
    ('71000000-0000-0000-0000-000000000072', '70000000-0000-0000-0000-000000000046', 'C01', 520000, 'Mai Văn Phúc', '+84910123457', '190123456789', false),
    ('71000000-0000-0000-0000-000000000073', '70000000-0000-0000-0000-000000000046', 'C02', 520000, 'Mai Thị Hồng', '+84910123458', '190123456790', false),
    ('71000000-0000-0000-0000-000000000074', '70000000-0000-0000-0000-000000000047', 'D01', 350000, 'Nguyễn Thị Oanh', '+84911234568', '201234567890', false),
    ('71000000-0000-0000-0000-000000000075', '70000000-0000-0000-0000-000000000047', 'D02', 350000, 'Nguyễn Văn Tài', '+84911234569', '201234567891', false),
    -- Trip 27 tickets (8 seats)
    ('71000000-0000-0000-0000-000000000076', '70000000-0000-0000-0000-000000000048', 'A01', 950000, 'Lê Văn Cường', '+84905678901', '056789012345', false),
    ('71000000-0000-0000-0000-000000000077', '70000000-0000-0000-0000-000000000048', 'A02', 950000, 'Lê Thị Phượng', '+84905678906', '056789012349', false),
    ('71000000-0000-0000-0000-000000000078', '70000000-0000-0000-0000-000000000049', 'B01', 750000, 'Đoàn Văn Thắng', '+84912345679', '212345678901', false),
    ('71000000-0000-0000-0000-000000000079', '70000000-0000-0000-0000-000000000049', 'B02', 750000, 'Đoàn Thị Hà', '+84912345680', '212345678902', false),
    ('71000000-0000-0000-0000-000000000080', '70000000-0000-0000-0000-000000000050', 'C01', 950000, 'Trịnh Thị Hằng', '+84913456780', '223456789012', false),
    ('71000000-0000-0000-0000-000000000081', '70000000-0000-0000-0000-000000000050', 'C02', 950000, 'Trịnh Văn Đông', '+84913456781', '223456789013', false),
    ('71000000-0000-0000-0000-000000000082', '70000000-0000-0000-0000-000000000051', 'D01', 750000, 'Lương Đức Nam', '+84914567891', '234567890123', false),
    ('71000000-0000-0000-0000-000000000083', '70000000-0000-0000-0000-000000000051', 'D02', 750000, 'Lương Thị Tú', '+84914567892', '234567890124', false)
ON CONFLICT (id) DO NOTHING;

-- PAYMENT TRANSACTIONS for Jan 5-8 bookings
INSERT INTO payment_transactions (id, booking_id, order_code, amount, status, transaction_id, payment_link_id, checkout_url, created_at, updated_at) VALUES
    ('80000000-0000-0000-0000-000000000020', '70000000-0000-0000-0000-000000000020', 1000020, 1160000, 'PAID', 'TXN-020', 'PL-020', 'https://pay.payos.vn/web/20', NOW() - INTERVAL '3 days', NOW() - INTERVAL '3 days'),
    ('80000000-0000-0000-0000-000000000021', '70000000-0000-0000-0000-000000000021', 1000021, 760000, 'PAID', 'TXN-021', 'PL-021', 'https://pay.payos.vn/web/21', NOW() - INTERVAL '2 days', NOW() - INTERVAL '2 days'),
    ('80000000-0000-0000-0000-000000000022', '70000000-0000-0000-0000-000000000022', 1000022, 1160000, 'PAID', 'TXN-022', 'PL-022', 'https://pay.payos.vn/web/22', NOW() - INTERVAL '1 day', NOW() - INTERVAL '1 day'),
    ('80000000-0000-0000-0000-000000000023', '70000000-0000-0000-0000-000000000023', 1000023, 760000, 'PAID', 'TXN-023', 'PL-023', 'https://pay.payos.vn/web/23', NOW() - INTERVAL '12 hours', NOW() - INTERVAL '12 hours'),
    ('80000000-0000-0000-0000-000000000024', '70000000-0000-0000-0000-000000000024', 1000024, 840000, 'PAID', 'TXN-024', 'PL-024', 'https://pay.payos.vn/web/24', NOW() - INTERVAL '4 days', NOW() - INTERVAL '4 days'),
    ('80000000-0000-0000-0000-000000000025', '70000000-0000-0000-0000-000000000025', 1000025, 840000, 'PAID', 'TXN-025', 'PL-025', 'https://pay.payos.vn/web/25', NOW() - INTERVAL '3 days', NOW() - INTERVAL '3 days'),
    ('80000000-0000-0000-0000-000000000026', '70000000-0000-0000-0000-000000000026', 1000026, 840000, 'PAID', 'TXN-026', 'PL-026', 'https://pay.payos.vn/web/26', NOW() - INTERVAL '2 days', NOW() - INTERVAL '2 days'),
    ('80000000-0000-0000-0000-000000000027', '70000000-0000-0000-0000-000000000027', 1000027, 840000, 'PAID', 'TXN-027', 'PL-027', 'https://pay.payos.vn/web/27', NOW() - INTERVAL '1 day', NOW() - INTERVAL '1 day'),
    ('80000000-0000-0000-0000-000000000028', '70000000-0000-0000-0000-000000000028', 1000028, 320000, 'PAID', 'TXN-028', 'PL-028', 'https://pay.payos.vn/web/28', NOW() - INTERVAL '3 days', NOW() - INTERVAL '3 days'),
    ('80000000-0000-0000-0000-000000000029', '70000000-0000-0000-0000-000000000029', 1000029, 320000, 'PAID', 'TXN-029', 'PL-029', 'https://pay.payos.vn/web/29', NOW() - INTERVAL '2 days', NOW() - INTERVAL '2 days'),
    ('80000000-0000-0000-0000-000000000030', '70000000-0000-0000-0000-000000000030', 1000030, 320000, 'PAID', 'TXN-030', 'PL-030', 'https://pay.payos.vn/web/30', NOW() - INTERVAL '1 day', NOW() - INTERVAL '1 day'),
    ('80000000-0000-0000-0000-000000000031', '70000000-0000-0000-0000-000000000031', 1000031, 320000, 'PAID', 'TXN-031', 'PL-031', 'https://pay.payos.vn/web/31', NOW() - INTERVAL '6 hours', NOW() - INTERVAL '6 hours'),
    ('80000000-0000-0000-0000-000000000032', '70000000-0000-0000-0000-000000000032', 1000032, 760000, 'PAID', 'TXN-032', 'PL-032', 'https://pay.payos.vn/web/32', NOW() - INTERVAL '4 days', NOW() - INTERVAL '4 days'),
    ('80000000-0000-0000-0000-000000000033', '70000000-0000-0000-0000-000000000033', 1000033, 760000, 'PAID', 'TXN-033', 'PL-033', 'https://pay.payos.vn/web/33', NOW() - INTERVAL '3 days', NOW() - INTERVAL '3 days'),
    ('80000000-0000-0000-0000-000000000034', '70000000-0000-0000-0000-000000000034', 1000034, 760000, 'PAID', 'TXN-034', 'PL-034', 'https://pay.payos.vn/web/34', NOW() - INTERVAL '2 days', NOW() - INTERVAL '2 days'),
    ('80000000-0000-0000-0000-000000000035', '70000000-0000-0000-0000-000000000035', 1000035, 760000, 'PAID', 'TXN-035', 'PL-035', 'https://pay.payos.vn/web/35', NOW() - INTERVAL '1 day', NOW() - INTERVAL '1 day'),
    ('80000000-0000-0000-0000-000000000036', '70000000-0000-0000-0000-000000000036', 1000036, 1200000, 'PAID', 'TXN-036', 'PL-036', 'https://pay.payos.vn/web/36', NOW() - INTERVAL '2 days', NOW() - INTERVAL '2 days'),
    ('80000000-0000-0000-0000-000000000037', '70000000-0000-0000-0000-000000000037', 1000037, 800000, 'PAID', 'TXN-037', 'PL-037', 'https://pay.payos.vn/web/37', NOW() - INTERVAL '2 days', NOW() - INTERVAL '2 days'),
    ('80000000-0000-0000-0000-000000000038', '70000000-0000-0000-0000-000000000038', 1000038, 1200000, 'PAID', 'TXN-038', 'PL-038', 'https://pay.payos.vn/web/38', NOW() - INTERVAL '1 day', NOW() - INTERVAL '1 day'),
    ('80000000-0000-0000-0000-000000000039', '70000000-0000-0000-0000-000000000039', 1000039, 800000, 'PAID', 'TXN-039', 'PL-039', 'https://pay.payos.vn/web/39', NOW() - INTERVAL '6 hours', NOW() - INTERVAL '6 hours'),
    ('80000000-0000-0000-0000-000000000040', '70000000-0000-0000-0000-000000000040', 1000040, 1300000, 'PAID', 'TXN-040', 'PL-040', 'https://pay.payos.vn/web/40', NOW() - INTERVAL '3 days', NOW() - INTERVAL '3 days'),
    ('80000000-0000-0000-0000-000000000041', '70000000-0000-0000-0000-000000000041', 1000041, 1300000, 'PAID', 'TXN-041', 'PL-041', 'https://pay.payos.vn/web/41', NOW() - INTERVAL '2 days', NOW() - INTERVAL '2 days'),
    ('80000000-0000-0000-0000-000000000042', '70000000-0000-0000-0000-000000000042', 1000042, 1300000, 'PAID', 'TXN-042', 'PL-042', 'https://pay.payos.vn/web/42', NOW() - INTERVAL '1 day', NOW() - INTERVAL '1 day'),
    ('80000000-0000-0000-0000-000000000043', '70000000-0000-0000-0000-000000000043', 1000043, 1300000, 'PAID', 'TXN-043', 'PL-043', 'https://pay.payos.vn/web/43', NOW() - INTERVAL '3 hours', NOW() - INTERVAL '3 hours'),
    ('80000000-0000-0000-0000-000000000044', '70000000-0000-0000-0000-000000000044', 1000044, 1040000, 'PAID', 'TXN-044', 'PL-044', 'https://pay.payos.vn/web/44', NOW() - INTERVAL '2 days', NOW() - INTERVAL '2 days'),
    ('80000000-0000-0000-0000-000000000045', '70000000-0000-0000-0000-000000000045', 1000045, 700000, 'PAID', 'TXN-045', 'PL-045', 'https://pay.payos.vn/web/45', NOW() - INTERVAL '1 day', NOW() - INTERVAL '1 day'),
    ('80000000-0000-0000-0000-000000000046', '70000000-0000-0000-0000-000000000046', 1000046, 1040000, 'PAID', 'TXN-046', 'PL-046', 'https://pay.payos.vn/web/46', NOW() - INTERVAL '12 hours', NOW() - INTERVAL '12 hours'),
    ('80000000-0000-0000-0000-000000000047', '70000000-0000-0000-0000-000000000047', 1000047, 700000, 'PAID', 'TXN-047', 'PL-047', 'https://pay.payos.vn/web/47', NOW() - INTERVAL '6 hours', NOW() - INTERVAL '6 hours'),
    ('80000000-0000-0000-0000-000000000048', '70000000-0000-0000-0000-000000000048', 1000048, 1900000, 'PAID', 'TXN-048', 'PL-048', 'https://pay.payos.vn/web/48', NOW() - INTERVAL '3 days', NOW() - INTERVAL '3 days'),
    ('80000000-0000-0000-0000-000000000049', '70000000-0000-0000-0000-000000000049', 1000049, 1500000, 'PAID', 'TXN-049', 'PL-049', 'https://pay.payos.vn/web/49', NOW() - INTERVAL '2 days', NOW() - INTERVAL '2 days'),
    ('80000000-0000-0000-0000-000000000050', '70000000-0000-0000-0000-000000000050', 1000050, 1900000, 'PAID', 'TXN-050', 'PL-050', 'https://pay.payos.vn/web/50', NOW() - INTERVAL '1 day', NOW() - INTERVAL '1 day'),
    ('80000000-0000-0000-0000-000000000051', '70000000-0000-0000-0000-000000000051', 1000051, 1500000, 'PAID', 'TXN-051', 'PL-051', 'https://pay.payos.vn/web/51', NOW() - INTERVAL '3 hours', NOW() - INTERVAL '3 hours')
ON CONFLICT (id) DO NOTHING;
